topic_id,topic_name,description,domain,field,subfield,works_count,seed_families,seed_queries,best_match_rank,include_main,canonical_seed_family,inclusion_rule,review_status,source_response_files,source_response_sha256
T10016,Adsorption and biosorption for pollutant removal,"This cluster of papers focuses on the adsorption of contaminants in water and wastewater, with a specific emphasis on surface area evaluation, pore size distribution, biochar as a sorbent, removal of heavy metals and dyes, use of nanomaterials, and biosorption techniques. The papers cover various aspects of adsorption kinetics, isotherm models, low-cost adsorbents, and the application of different materials for efficient water treatment.",Physical Sciences,Environmental Science,Water Science and Technology,122793,circular_resources,water treatment,4,true,circular_resources,direct_water_pollutant_removal_technology,reviewed,circular_resources__water_treatment.json,circular_resources__water_treatment.json:02c1f7e97ee5b6e0aeb28ec0c4489fea1e0604943ddb1dde8e7deb1459a252dd
T10018,Advancements in Battery Materials,"This cluster of papers focuses on advancements in lithium-ion battery technology, including research on battery materials, nanostructured anodes, cathode materials, and electrode materials. It also covers topics related to energy storage, electrochemical performance, and rechargeable batteries.",Physical Sciences,Engineering,Electrical and Electronic Engineering,199809,storage_and_grids,electrochemical battery|energy storage,1,true,storage_and_grids,direct_rechargeable_battery_material_technology,reviewed,storage_and_grids__electrochemical_battery.json|storage_and_grids__energy_storage.json,storage_and_grids__electrochemical_battery.json:94c36717fd9194374a58d41c7a6516c802c578e1839dbd2b8a400e8a286fe07e|storage_and_grids__energy_storage.json:0c9479990c039f2b7d1627f86ad2d20d9ebb7d18ba4039a1a2e8ead8ea0145f1
T10030,Electrocatalysts for Energy Conversion,"This cluster of papers focuses on advances in electrocatalysis for energy conversion, with a particular emphasis on oxygen reduction and hydrogen evolution reactions. The research covers various catalysts, nanomaterials, and methodologies for improving the efficiency and sustainability of energy conversion processes, such as water splitting and fuel cells.",Physical Sciences,Energy,"Renewable Energy, Sustainability and the Environment",159170,efficiency_and_electrification,energy efficiency,10,false,,exclude_not_direct_green_technology_or_incidental_keyword_match,reviewed,efficiency_and_electrification__energy_efficiency.json,efficiency_and_electrification__energy_efficiency.json:39eaea6727d8981350dee2a60920c8007dd7c4bf7aab877793649f165c237272
T10033,Concrete and Cement Materials Research,"This cluster of papers focuses on advances in geopolymer technology, alternative cementitious materials, and their applications in sustainable concrete production. It covers topics such as the utilization of fly ash, alkali-activated materials, carbon emissions, nanotechnology in concrete, hydration mechanisms, and the environmental impact of cement production.",Physical Sciences,Engineering,Civil and Structural Engineering,131127,supplemental_audit,cement,1,true,low_carbon_industry,direct_low_clinker_and_alternative_cement_technology,reviewed,cement.json,cement.json:a5a74c5aac031ff19bba799c4b6e66220fbf86b88ce5dbe553b7db769b1dad61
T10045,Organic Electronics and Photovoltaics,"This cluster of papers represents a collection of research on advances in organic solar cell technology, focusing on topics such as conjugated polymers, bulk heterojunction solar cells, efficiency enhancement, non-fullerene acceptors, solution processing, charge transport, morphology control, high-efficiency solar cells, and field-effect transistors.",Physical Sciences,Engineering,Electrical and Electronic Engineering,86479,renewable_energy,photovoltaic,1,true,renewable_energy,direct_photovoltaic_material_or_device_technology,reviewed,renewable_energy__photovoltaic.json,renewable_energy__photovoltaic.json:14f0459c418f54ca5151da9eae78f192f94af3c1107c297963edf53d542ff4d3
T10101,Cloud Computing and Resource Management,"This cluster of papers covers a wide range of topics related to cloud computing, big data technologies, and data center management. It includes discussions on MapReduce, virtualization, Hadoop, resource management, energy efficiency, scalability, and distributed systems. The papers also address challenges and opportunities in the field of cloud computing and big data.",Physical Sciences,Computer Science,Information Systems,135514,efficiency_and_electrification,energy efficiency,6,false,,exclude_not_direct_green_technology_or_incidental_keyword_match,reviewed,efficiency_and_electrification__energy_efficiency.json,efficiency_and_electrification__energy_efficiency.json:39eaea6727d8981350dee2a60920c8007dd7c4bf7aab877793649f165c237272
T10107,Ferroelectric and Piezoelectric Materials,"This cluster of papers focuses on the advancements in lead-free piezoelectric materials, particularly on ferroelectric and relaxor ferroelectric materials with high piezoelectric properties. It covers topics such as perovskite structure, thin film ferroelectrics, electrocaloric effect, domain wall nanoelectronics, and high energy storage materials.",Physical Sciences,Materials Science,Materials Chemistry,108835,storage_and_grids,energy storage,4,false,,exclude_not_direct_green_technology_or_incidental_keyword_match,reviewed,storage_and_grids__energy_storage.json,storage_and_grids__energy_storage.json:0c9479990c039f2b7d1627f86ad2d20d9ebb7d18ba4039a1a2e8ead8ea0145f1
T10121,Building Energy and Comfort Optimization,"This cluster of papers focuses on building energy efficiency, thermal comfort optimization, and the impact of occupant behavior and climate change on energy consumption. It covers topics such as energy simulation, model predictive control, sustainable buildings, occupant behavior modeling, and the use of artificial neural networks for predicting building energy consumption.",Physical Sciences,Engineering,Building and Construction,148665,efficiency_and_electrification,energy efficiency,3,true,efficiency_and_electrification,direct_building_energy_efficiency_technology,reviewed,efficiency_and_electrification__energy_efficiency.json,efficiency_and_electrification__energy_efficiency.json:39eaea6727d8981350dee2a60920c8007dd7c4bf7aab877793649f165c237272
T10148,Advanced MIMO Systems Optimization,"This cluster of papers focuses on the next generation of wireless networks, particularly 5G technology. It covers topics such as Massive MIMO, interference alignment, device-to-device communication, green cellular networks, spectral and energy efficiency, multiuser MIMO, and heterogeneous networks.",Physical Sciences,Engineering,Electrical and Electronic Engineering,92614,efficiency_and_electrification,energy efficiency,5,false,,exclude_not_direct_green_technology_or_incidental_keyword_match,reviewed,efficiency_and_electrification__energy_efficiency.json,efficiency_and_electrification__energy_efficiency.json:39eaea6727d8981350dee2a60920c8007dd7c4bf7aab877793649f165c237272
T10171,Biofuel production and bioconversion,"This cluster of papers focuses on the technological aspects of producing biofuels, particularly bioethanol, from lignocellulosic biomass. It covers topics such as pretreatment methods, enzymatic hydrolysis, biorefinery concepts, biomass recalcitrance, and ethanol fermentation. The research aims to address challenges in biofuel production and explore the potential of biomass as a sustainable energy source.",Physical Sciences,Engineering,Biomedical Engineering,147479,renewable_energy,bioenergy,8,true,renewable_energy,direct_biofuel_conversion_technology,reviewed,renewable_energy__bioenergy.json,renewable_energy__bioenergy.json:6d282b3dfda3914d4cd0f8b06cb3411cbdf6dd35fd3307a8d54bda69e9c0c9b4
T10175,Advanced DC-DC Converters,"This cluster of papers covers advancements in power electronics and conversion systems, focusing on topics such as DC-DC converters, high-frequency power conversion, integration of renewable energy sources, solid-state transformers, electric vehicle charging infrastructure, isolated bidirectional converters, switched-capacitor circuits, voltage boosting techniques, and digital control methods.",Physical Sciences,Engineering,Electrical and Electronic Engineering,97154,efficiency_and_electrification|storage_and_grids,electric vehicle|power electronics,4,true,storage_and_grids,direct_renewable_and_vehicle_power_conversion_technology,reviewed,efficiency_and_electrification__electric_vehicle.json|storage_and_grids__power_electronics.json,efficiency_and_electrification__electric_vehicle.json:7c6b62a70465a6467bbc9d9c390cd90435e521cc8b7102f9b22b7f23dd847d26|storage_and_grids__power_electronics.json:be47fef914273974beb77ae0072575b540ba8281ee6bc95f57778df7900bf416
T10179,Supercapacitor Materials and Fabrication,"This cluster of papers focuses on the materials and technologies for electrochemical supercapacitors, including graphene-based materials, carbon-based electrodes, pseudocapacitive materials, and flexible energy storage devices. It explores the use of nanomaterials and metal-organic frameworks for high-performance energy storage applications.",Physical Sciences,Materials Science,"Electronic, Optical and Magnetic Materials",106016,storage_and_grids,energy storage,2,true,storage_and_grids,direct_electrochemical_storage_technology,reviewed,storage_and_grids__energy_storage.json,storage_and_grids__energy_storage.json:0c9479990c039f2b7d1627f86ad2d20d9ebb7d18ba4039a1a2e8ead8ea0145f1
T10197,Membrane Separation Technologies,"This cluster of papers explores advancements in water purification technologies, focusing on membrane technology, desalination, nanofiltration, forward osmosis, graphene-based membranes, membrane fouling, sustainable water treatment, polymer membranes, membrane distillation, and antifouling strategies.",Physical Sciences,Environmental Science,Water Science and Technology,101856,circular_resources,water treatment,3,true,circular_resources,direct_membrane_water_purification_technology,reviewed,circular_resources__water_treatment.json,circular_resources__water_treatment.json:02c1f7e97ee5b6e0aeb28ec0c4489fea1e0604943ddb1dde8e7deb1459a252dd
T10210,Advanced oxidation water treatment,"This cluster of papers focuses on the application of Advanced Oxidation Processes (AOPs) for water and wastewater treatment, including topics such as oxidation kinetics, wastewater decontamination, peroxymonosulfate activation, Fenton reaction chemistry, electrochemical technologies, organic contaminant degradation, sulfate radical generation, and heterogeneous catalysis.",Physical Sciences,Environmental Science,Water Science and Technology,61436,circular_resources,water treatment,1,true,circular_resources,direct_advanced_water_treatment_technology,reviewed,circular_resources__water_treatment.json,circular_resources__water_treatment.json:02c1f7e97ee5b6e0aeb28ec0c4489fea1e0604943ddb1dde8e7deb1459a252dd
T10223,Microgrid Control and Optimization,"This cluster of papers focuses on the control, synchronization, and management of microgrid systems, with an emphasis on distributed power generation, energy storage technologies, and grid integration of renewable energy sources. The research covers various aspects such as voltage and frequency control, decentralized control strategies, virtual synchronous generators, and the application of power electronics in smart grid environments.",Physical Sciences,Engineering,Control and Systems Engineering,113817,storage_and_grids,energy storage|power electronics|smart grid,1,true,storage_and_grids,direct_microgrid_storage_and_renewable_integration_technology,reviewed,storage_and_grids__energy_storage.json|storage_and_grids__power_electronics.json|storage_and_grids__smart_grid.json,storage_and_grids__energy_storage.json:0c9479990c039f2b7d1627f86ad2d20d9ebb7d18ba4039a1a2e8ead8ea0145f1|storage_and_grids__power_electronics.json:be47fef914273974beb77ae0072575b540ba8281ee6bc95f57778df7900bf416|storage_and_grids__smart_grid.json:7f7b1d274cf0977b9f987cd223ff418451b16b2fd38874e89d76042127d7a6a9
T10228,Multilevel Inverters and Converters,"This cluster of papers focuses on the design, control, and applications of multilevel converters in power electronics, with an emphasis on renewable energy integration, voltage source inverters, medium voltage drives, PWM strategies, fault tolerance, photovoltaic systems, and electric aircraft.",Physical Sciences,Engineering,Electrical and Electronic Engineering,69792,renewable_energy|storage_and_grids,photovoltaic|power electronics,2,true,storage_and_grids,direct_renewable_power_conversion_technology,reviewed,renewable_energy__photovoltaic.json|storage_and_grids__power_electronics.json,renewable_energy__photovoltaic.json:14f0459c418f54ca5151da9eae78f192f94af3c1107c297963edf53d542ff4d3|storage_and_grids__power_electronics.json:be47fef914273974beb77ae0072575b540ba8281ee6bc95f57778df7900bf416
T10247,Perovskite Materials and Applications,"This cluster of papers focuses on the advancements in perovskite solar cell technology, including the use of organometal halide perovskites as light sensitizers for photovoltaic cells, achieving high efficiency and stability, improving charge carrier transport, and exploring applications in light-emitting diodes. The research covers topics such as crystal growth, semiconductor properties, and optoelectronic materials.",Physical Sciences,Engineering,Electrical and Electronic Engineering,126942,renewable_energy,photovoltaic,6,false,,exclude_not_direct_green_technology_or_incidental_keyword_match,reviewed,renewable_energy__photovoltaic.json,renewable_energy__photovoltaic.json:14f0459c418f54ca5151da9eae78f192f94af3c1107c297963edf53d542ff4d3
T10264,Asphalt Pavement Performance Evaluation,"This cluster of papers encompasses advancements in asphalt materials and technology, including research on bitumen modification, rheological properties, recycled materials, polymer modification, warm mix technologies, rejuvenators, nanomaterials, pavement engineering, and life cycle assessment.",Physical Sciences,Engineering,Civil and Structural Engineering,111525,circular_resources|supplemental_audit,recycling|recycling technology,3,false,,exclude_not_direct_green_technology_or_incidental_keyword_match,reviewed,circular_resources__recycling_technology.json|recycling.json,circular_resources__recycling_technology.json:9a9a98cf596c412df45bee615877e3b8dc0bc5f4a095b222596e13b23a3732d0|recycling.json:dd83b7dd56a0c784b352537e40cc1f1f05498ab5d25866e6a459e3b34182c39e
T10278,Electric Motor Design and Analysis,"This cluster of papers focuses on the design, optimization, and application of electric motor drives for electric and hybrid electric vehicles. It covers topics such as permanent magnet machines, thermal analysis, switched reluctance motors, torque ripple reduction, high-speed applications, magnetic gearing, cogging torque reduction, and motor design optimization.",Physical Sciences,Engineering,Electrical and Electronic Engineering,108764,efficiency_and_electrification,electric vehicle,4,true,efficiency_and_electrification,direct_high_efficiency_electric_drive_technology,reviewed,efficiency_and_electrification__electric_vehicle.json,efficiency_and_electrification__electric_vehicle.json:7c6b62a70465a6467bbc9d9c390cd90435e521cc8b7102f9b22b7f23dd847d26
T10281,Advanced Battery Materials and Technologies,"This cluster of papers focuses on advances in lithium battery technologies, including topics such as lithium-sulfur batteries, solid-state electrolytes, nanostructured cathodes, high-energy storage, dendrite-free deposition of lithium metal, polymer electrolytes, sulfur hosts for cathodes, ionic conductivity, cathode materials, and electrochemical stability.",Physical Sciences,Engineering,Electrical and Electronic Engineering,85016,storage_and_grids,electrochemical battery|energy storage,2,true,storage_and_grids,direct_advanced_battery_technology,reviewed,storage_and_grids__electrochemical_battery.json|storage_and_grids__energy_storage.json,storage_and_grids__electrochemical_battery.json:94c36717fd9194374a58d41c7a6516c802c578e1839dbd2b8a400e8a286fe07e|storage_and_grids__energy_storage.json:0c9479990c039f2b7d1627f86ad2d20d9ebb7d18ba4039a1a2e8ead8ea0145f1
T10284,Anaerobic Digestion and Biogas Production,"This cluster of papers focuses on the anaerobic digestion process and biogas production from organic waste, highlighting topics such as methane production, hydrogen generation, microbial communities, waste-to-energy conversion, and renewable energy sources. The research covers various aspects of anaerobic digestion technology, including inhibition factors, process optimization, microbial diversity, and potential applications in sustainable bioenergy production.",Physical Sciences,Engineering,Building and Construction,66863,circular_resources|renewable_energy,bioenergy|waste treatment,2,true,renewable_energy,direct_waste_to_biogas_process_technology,reviewed,circular_resources__waste_treatment.json|renewable_energy__bioenergy.json,circular_resources__waste_treatment.json:55c6a307222642ff8a2d4b20fa911a8cbaa5fa276686b4f85d2a5eb92d72cd85|renewable_energy__bioenergy.json:6d282b3dfda3914d4cd0f8b06cb3411cbdf6dd35fd3307a8d54bda69e9c0c9b4
T10302,Fish Ecology and Management Studies,"This cluster of papers focuses on the importance, threats, status, and conservation challenges related to freshwater biodiversity. It covers topics such as flow regulation, hydropower dam construction, environmental flows, invasive species, climate change impacts, fisheries sustainability, and habitat fragmentation in river ecosystems.",Physical Sciences,Environmental Science,Nature and Landscape Conservation,201160,renewable_energy,hydropower,2,false,,exclude_not_direct_green_technology_or_incidental_keyword_match,reviewed,renewable_energy__hydropower.json,renewable_energy__hydropower.json:74d8f96089d4cbb5495ca341da3a5d77f2906bbcf8d24edc9dff18ef2746cbe2
T10305,Power System Optimization and Stability,"This cluster of papers focuses on the analysis, control, and stability of power systems, with a particular emphasis on the use of Phasor Measurement Units (PMUs), wide-area monitoring, dynamic state estimation, FACTS devices, voltage stability, and the impact of grid blackouts. The research also covers the application of advanced control systems and smart grid technologies to enhance the stability and performance of power networks.",Physical Sciences,Engineering,Electrical and Electronic Engineering,67055,storage_and_grids,smart grid,6,false,,exclude_not_direct_green_technology_or_incidental_keyword_match,reviewed,storage_and_grids__smart_grid.json,storage_and_grids__smart_grid.json:7f7b1d274cf0977b9f987cd223ff418451b16b2fd38874e89d76042127d7a6a9
T10311,Advancements in Solid Oxide Fuel Cells,"This cluster of papers focuses on the materials, technologies, and components related to solid oxide fuel cells (SOFCs), including electrolytes, cathodes, anodes, proton-conducting oxides, high temperature electrolysis, oxygen ion conductors, and ionic transport membranes. The papers cover a wide range of research areas such as performance enhancement, durability, and application prospects for SOFCs.",Physical Sciences,Materials Science,Materials Chemistry,71069,supplemental_audit,electrolysis,1,true,low_carbon_industry,direct_high_temperature_electrolysis_and_fuel_cell_technology,reviewed,electrolysis.json,electrolysis.json:c06a1b7dac7e851b1a30e62d73f64afe3023254263c08a0c302d35cc436d5381
T10321,Quantum Dots Synthesis And Properties,"This cluster of papers explores the diverse applications of quantum dots and nanocrystals in various fields such as bioimaging, photovoltaics, fluorescence imaging, biological detection, and nanoparticle synthesis. The research covers topics ranging from quantum dot solar cells to in vivo molecular and cellular imaging using quantum dots.",Physical Sciences,Materials Science,Materials Chemistry,86417,renewable_energy,photovoltaic,7,false,,exclude_not_direct_green_technology_or_incidental_keyword_match,reviewed,renewable_energy__photovoltaic.json,renewable_energy__photovoltaic.json:14f0459c418f54ca5151da9eae78f192f94af3c1107c297963edf53d542ff4d3
T10338,Advanced Sensor and Energy Harvesting Materials,"This cluster of papers focuses on the development of wearable nanogenerator technology, including flexible and stretchable sensors, triboelectric technology, energy harvesting, self-powered systems, electronic skin, and health monitoring. The research covers a wide range of materials and devices for integrating electronics into wearable and flexible formats for various applications.",Physical Sciences,Engineering,Biomedical Engineering,124241,storage_and_grids,power electronics,5,false,,exclude_not_direct_green_technology_or_incidental_keyword_match,reviewed,storage_and_grids__power_electronics.json,storage_and_grids__power_electronics.json:be47fef914273974beb77ae0072575b540ba8281ee6bc95f57778df7900bf416
T10357,Efficiency Analysis Using DEA,"This cluster of papers focuses on the analysis of efficiency, productivity growth, and resource allocation in various sectors such as production processes, energy, banking, healthcare, and education. The papers employ methods like Data Envelopment Analysis (DEA) and non-parametric frontier models to measure technical, environmental, and energy efficiency, as well as to evaluate the performance of different organizations and industries.",Social Sciences,Decision Sciences,Management Science and Operations Research,57644,efficiency_and_electrification,energy efficiency,7,false,,exclude_not_direct_green_technology_or_incidental_keyword_match,reviewed,efficiency_and_electrification__energy_efficiency.json,efficiency_and_electrification__energy_efficiency.json:39eaea6727d8981350dee2a60920c8007dd7c4bf7aab877793649f165c237272
T10361,Silicon Carbide Semiconductor Technologies,"This cluster of papers explores advancements in power electronics technology, focusing on wide bandgap semiconductors such as silicon carbide (SiC) and gallium nitride (GaN), reliability of power devices, high-temperature electronics, IGBT modules, thermal management, and failure modes. The papers cover topics such as the performance evaluation of SiC and GaN power devices, material science and device physics in SiC technology, condition monitoring for device reliability, and the potential of SiC nanowires in power electronics.",Physical Sciences,Engineering,Electrical and Electronic Engineering,77037,storage_and_grids,power electronics,3,true,storage_and_grids,direct_high_efficiency_power_electronics_technology,reviewed,storage_and_grids__power_electronics.json,storage_and_grids__power_electronics.json:be47fef914273974beb77ae0072575b540ba8281ee6bc95f57778df7900bf416
T10389,Polymer crystallization and properties,"This cluster of papers focuses on the crystallization behavior, properties, and processing of polymers, including the influence of nanoparticles, recycling methods, and the mechanical and rheological aspects of polymer blends. It covers topics such as polymer crystallization kinetics, morphology development, conducting polymers, and the use of various techniques to characterize the properties of polymers.",Physical Sciences,Materials Science,Polymers and Plastics,76750,supplemental_audit,recycling,6,false,,exclude_not_direct_green_technology_or_incidental_keyword_match,reviewed,recycling.json,recycling.json:dd83b7dd56a0c784b352537e40cc1f1f05498ab5d25866e6a459e3b34182c39e
T10424,Electric Power System Optimization,"This cluster of papers focuses on the operation and optimization of electricity markets, with a particular emphasis on unit commitment, economic dispatch, renewable energy integration, market power, transmission expansion planning, stochastic optimization, wind power forecasting, ancillary services, electricity market reform, and price volatility.",Physical Sciences,Engineering,Electrical and Electronic Engineering,80889,renewable_energy,wind power,1,false,,exclude_not_direct_green_technology_or_incidental_keyword_match,reviewed,renewable_energy__wind_power.json,renewable_energy__wind_power.json:b0372e9397f50194ec192ca428c5e63338cb9843d5bd6eeca0a2794d56d27261
T10468,Photovoltaic System Optimization Techniques,"This cluster of papers focuses on the optimization, modeling, and simulation of photovoltaic arrays, with a specific emphasis on maximum power point tracking (MPPT) techniques. It covers topics such as the role of renewable energy, grid-connected inverters, impact of dust on solar energy, temperature dependence of photovoltaic modules, and the development of control systems for MPPT.",Physical Sciences,Energy,"Renewable Energy, Sustainability and the Environment",74567,renewable_energy,photovoltaic,2,true,renewable_energy,direct_photovoltaic_system_technology,reviewed,renewable_energy__photovoltaic.json,renewable_energy__photovoltaic.json:14f0459c418f54ca5151da9eae78f192f94af3c1107c297963edf53d542ff4d3
T10539,Sustainable Supply Chain Management,"This cluster of papers explores the conceptualization and implementation of the circular economy, with a focus on sustainable supply chain management, green practices, supply chain network design, remanufacturing, and business model innovation. It emphasizes the integration of environmental management and resource efficiency into product design and supply chain operations to achieve triple bottom line sustainability.",Social Sciences,"Business, Management and Accounting",Strategy and Management,84823,circular_resources,circular economy,1,false,,exclude_not_direct_green_technology_or_incidental_keyword_match,reviewed,circular_resources__circular_economy.json,circular_resources__circular_economy.json:244b0ad4cfae7173c2b8babfed1b5aeb6c0de726d022b63edec28196bcd7fe3c
T10551,Scheduling and Optimization Algorithms,"This cluster of papers focuses on scheduling problems in manufacturing systems, particularly addressing issues such as setup times, batching, dynamic scheduling, energy efficiency, and multi-objective optimization. It explores various techniques including genetic algorithms, agent-based control, and hybrid optimization to improve scheduling efficiency and effectiveness in manufacturing processes.",Physical Sciences,Engineering,Industrial and Manufacturing Engineering,103399,efficiency_and_electrification,energy efficiency,9,false,,exclude_not_direct_green_technology_or_incidental_keyword_match,reviewed,efficiency_and_electrification__energy_efficiency.json,efficiency_and_electrification__energy_efficiency.json:39eaea6727d8981350dee2a60920c8007dd7c4bf7aab877793649f165c237272
T10603,Smart Grid Energy Management,"This cluster of papers focuses on demand response in smart grids, exploring topics such as energy management, electricity markets, real-time pricing, renewable energy integration, and the use of game theory for optimizing load control in smart homes. It also covers the application of demand response to achieve controllability of electric loads and the potential of peer-to-peer energy trading in microgrids.",Physical Sciences,Engineering,Electrical and Electronic Engineering,121153,storage_and_grids,smart grid,1,true,storage_and_grids,direct_smart_grid_demand_and_energy_management_technology,reviewed,storage_and_grids__smart_grid.json,storage_and_grids__smart_grid.json:7f7b1d274cf0977b9f987cd223ff418451b16b2fd38874e89d76042127d7a6a9
T10663,Advanced Battery Technologies Research,"This cluster of papers focuses on the management, safety, and performance of lithium-ion batteries in electric vehicles. It covers topics such as aging mechanisms, thermal runaway, state of charge estimation, battery management systems, and cycle life modeling. The cluster also addresses the challenges and recommendations for battery management in electric vehicle applications.",Physical Sciences,Engineering,Automotive Engineering,138513,efficiency_and_electrification,electric vehicle,2,true,efficiency_and_electrification,direct_electric_vehicle_battery_management_technology,reviewed,efficiency_and_electrification__electric_vehicle.json,efficiency_and_electrification__electric_vehicle.json:7c6b62a70465a6467bbc9d9c390cd90435e521cc8b7102f9b22b7f23dd847d26
T10680,Wind Energy Research and Development,"This cluster of papers focuses on wind energy technology, including topics such as wind turbine wakes, renewable energy sustainability indicators, Weibull distribution for wind speed analysis, offshore wind farms, tidal energy conversion systems, blade design, wind farm optimization, CFD simulation for aerodynamics, and environmental impact assessment.",Physical Sciences,Engineering,Aerospace Engineering,74262,supplemental_audit,wind turbine,2,true,renewable_energy,direct_wind_turbine_and_farm_technology,reviewed,wind_turbine.json,wind_turbine.json:35f2d380efbea9e6f3dae58297199be170ff34e3c01faf7fc620dd5488f008c8
T10687,Innovative concrete reinforcement materials,"This cluster of papers focuses on the use of fiber reinforced concrete in civil engineering, particularly exploring mechanical properties, ultra-high performance concrete, recycled materials, artificial neural networks for prediction, durability, polymer-modified mortars, waste tire rubber as aggregate, and the use of steel fibers in concrete. It also covers topics such as self-compacting concrete and the utilization of various recycled and waste materials in concrete production.",Physical Sciences,Engineering,Civil and Structural Engineering,69212,supplemental_audit,recycling,8,false,,exclude_not_direct_green_technology_or_incidental_keyword_match,reviewed,recycling.json,recycling.json:dd83b7dd56a0c784b352537e40cc1f1f05498ab5d25866e6a459e3b34182c39e
T10740,Wind Turbine Control Systems,"This cluster of papers focuses on the integration of wind power into power systems, with a specific emphasis on the use of Doubly Fed Induction Generators, power electronics, and control strategies. The papers cover topics such as grid code requirements, frequency control, variable speed turbines, inertia emulation, maximum power tracking, and the impact of wind power on power system stability.",Physical Sciences,Engineering,Electrical and Electronic Engineering,32928,renewable_energy|storage_and_grids|supplemental_audit,power electronics|wind power|wind turbine,1,true,renewable_energy,direct_wind_generation_and_grid_control_technology,reviewed,renewable_energy__wind_power.json|storage_and_grids__power_electronics.json|wind_turbine.json,renewable_energy__wind_power.json:b0372e9397f50194ec192ca428c5e63338cb9843d5bd6eeca0a2794d56d27261|storage_and_grids__power_electronics.json:be47fef914273974beb77ae0072575b540ba8281ee6bc95f57778df7900bf416|wind_turbine.json:35f2d380efbea9e6f3dae58297199be170ff34e3c01faf7fc620dd5488f008c8
T10753,Microplastics and Plastic Pollution,"This cluster of papers focuses on the production, use, fate, and environmental impact of microplastics in marine and terrestrial ecosystems. It covers topics such as sources, distribution, accumulation, ingestion by organisms, potential health effects, and waste management strategies for mitigating microplastic pollution.",Physical Sciences,Environmental Science,Pollution,118217,supplemental_audit,recycling,18,false,,exclude_not_direct_green_technology_or_incidental_keyword_match,reviewed,recycling.json,recycling.json:dd83b7dd56a0c784b352537e40cc1f1f05498ab5d25866e6a459e3b34182c39e
T10768,Electric Vehicles and Infrastructure,"This cluster of papers focuses on the integration of electric vehicles into power systems, including topics such as vehicle-to-grid technology, charging infrastructure, renewable energy integration, grid impact, battery technology, consumer adoption, smart grid interactions, life cycle assessment, and sustainability.",Physical Sciences,Engineering,Electrical and Electronic Engineering,97840,efficiency_and_electrification|storage_and_grids,electric vehicle|smart grid,1,true,efficiency_and_electrification,direct_electric_vehicle_and_charging_technology,reviewed,efficiency_and_electrification__electric_vehicle.json|storage_and_grids__smart_grid.json,efficiency_and_electrification__electric_vehicle.json:7c6b62a70465a6467bbc9d9c390cd90435e521cc8b7102f9b22b7f23dd847d26|storage_and_grids__smart_grid.json:7f7b1d274cf0977b9f987cd223ff418451b16b2fd38874e89d76042127d7a6a9
T10805,Vehicle Dynamics and Control Systems,"This cluster of papers focuses on advanced control systems for vehicle dynamics, including autonomous vehicles, model predictive control, estimation of tire-road friction, active steering, yaw stability control, and driver assistance. The research aims to improve the performance, safety, and stability of vehicles through innovative control strategies and technologies.",Physical Sciences,Engineering,Automotive Engineering,70691,efficiency_and_electrification,electric vehicle,7,false,,exclude_not_direct_green_technology_or_incidental_keyword_match,reviewed,efficiency_and_electrification__electric_vehicle.json,efficiency_and_electrification__electric_vehicle.json:7c6b62a70465a6467bbc9d9c390cd90435e521cc8b7102f9b22b7f23dd847d26
T10808,Electric and Hybrid Vehicle Technologies,"This cluster of papers explores the state of the art in electric and hybrid vehicles, focusing on energy storage systems, power management strategies, control strategies, and optimization techniques. It covers a wide range of topics including supercapacitors, battery life optimization, fuel cell vehicles, and various aspects of vehicle propulsion systems.",Physical Sciences,Engineering,Automotive Engineering,52997,efficiency_and_electrification,electric vehicle,3,true,efficiency_and_electrification,direct_electric_vehicle_propulsion_technology,reviewed,efficiency_and_electrification__electric_vehicle.json,efficiency_and_electrification__electric_vehicle.json:7c6b62a70465a6467bbc9d9c390cd90435e521cc8b7102f9b22b7f23dd847d26
T10886,Multiferroics and related materials,"This cluster of papers focuses on the study of multiferroic and magnetoelectric materials, particularly their thin film heterostructures, ferroelectric polarization control, perovskite oxides, spin current, photovoltaic effects, domain walls, and room temperature behavior.",Physical Sciences,Materials Science,"Electronic, Optical and Magnetic Materials",48029,renewable_energy,photovoltaic,9,false,,exclude_not_direct_green_technology_or_incidental_keyword_match,reviewed,renewable_energy__photovoltaic.json,renewable_energy__photovoltaic.json:14f0459c418f54ca5151da9eae78f192f94af3c1107c297963edf53d542ff4d3
T10892,Drilling and Well Engineering,"This cluster of papers focuses on advancements in drilling fluid technology, with a particular emphasis on well integrity, nanoparticles, rheological properties, CO2 sequestration, shale inhibition, cement degradation, vibration analysis, lost circulation, and formation damage in the oil and gas industry.",Physical Sciences,Engineering,Ocean Engineering,110445,supplemental_audit,cement,3,false,,exclude_not_direct_green_technology_or_incidental_keyword_match,reviewed,cement.json,cement.json:a5a74c5aac031ff19bba799c4b6e66220fbf86b88ce5dbe553b7db769b1dad61
T10905,Solar Thermal and Photovoltaic Systems,"This cluster of papers focuses on advancements in solar thermal energy technologies, including solar thermal collectors, photovoltaic/thermal hybrid technology, concentrated solar power plants, use of solar energy in industries, photovoltaic efficiency, central receiver designs, phase change materials, nanofluid cooling, building integrated photovoltaics, and energy and exergy analysis.",Physical Sciences,Energy,"Renewable Energy, Sustainability and the Environment",79537,renewable_energy,photovoltaic,3,true,renewable_energy,direct_solar_generation_system_technology,reviewed,renewable_energy__photovoltaic.json,renewable_energy__photovoltaic.json:14f0459c418f54ca5151da9eae78f192f94af3c1107c297963edf53d542ff4d3
T10917,Smart Grid Security and Resilience,"This cluster of papers focuses on the security challenges in smart grid systems, including cyber-physical attacks, false data injection attacks, communication network vulnerabilities, SCADA system security, privacy concerns, and detection of various types of attacks such as denial-of-service attacks. The papers also explore the application of machine learning for attack detection and mitigation.",Physical Sciences,Engineering,Control and Systems Engineering,61494,storage_and_grids,smart grid,2,false,,exclude_not_direct_green_technology_or_incidental_keyword_match,reviewed,storage_and_grids__smart_grid.json,storage_and_grids__smart_grid.json:7f7b1d274cf0977b9f987cd223ff418451b16b2fd38874e89d76042127d7a6a9
T10938,Phase Change Materials Research,"This cluster of papers focuses on the use of phase change materials (PCMs) for thermal energy storage, particularly in building applications. It covers a wide range of topics including heat transfer analysis, high temperature storage, solar energy applications, thermal conductivity enhancement, and microencapsulated PCMs. The research aims to improve energy efficiency and explore innovative ways to store and utilize thermal energy.",Physical Sciences,Engineering,Mechanical Engineering,44638,efficiency_and_electrification|storage_and_grids,energy efficiency|energy storage,8,true,storage_and_grids,direct_thermal_energy_storage_technology,reviewed,efficiency_and_electrification__energy_efficiency.json|storage_and_grids__energy_storage.json,efficiency_and_electrification__energy_efficiency.json:39eaea6727d8981350dee2a60920c8007dd7c4bf7aab877793649f165c237272|storage_and_grids__energy_storage.json:0c9479990c039f2b7d1627f86ad2d20d9ebb7d18ba4039a1a2e8ead8ea0145f1
T10956,Fullerene Chemistry and Applications,"This cluster of papers explores the chemistry, properties, and diverse applications of fullerenes, including endohedral fullerenes, photosensitization, nanoscience, photovoltaic devices, electron transfer processes, biomedical applications, and supramolecular chemistry. The research covers topics such as excited-state properties, functionalization in water, organic photovoltaic devices, and the potential use of fullerenes in artificial photosynthetic systems.",Physical Sciences,Chemistry,Organic Chemistry,53594,renewable_energy,photovoltaic,8,false,,exclude_not_direct_green_technology_or_incidental_keyword_match,reviewed,renewable_energy__photovoltaic.json,renewable_energy__photovoltaic.json:14f0459c418f54ca5151da9eae78f192f94af3c1107c297963edf53d542ff4d3
T10967,Carbon Dioxide Capture Technologies,"This cluster of papers focuses on the development, assessment, and application of various technologies for capturing and storing carbon dioxide. It covers a wide range of topics including adsorbent materials, amine scrubbing, solid sorbents, negative emissions, and global warming mitigation.",Physical Sciences,Engineering,Mechanical Engineering,60553,low_carbon_industry,carbon capture,1,true,low_carbon_industry,direct_carbon_capture_process_technology,reviewed,low_carbon_industry__carbon_capture.json,low_carbon_industry__carbon_capture.json:3762c0b0618c3faa97790e12bad0f345844c3ed6c9ac7ed4741191f774a6209f
T11007,Hybrid Renewable Energy Systems,"This cluster of papers focuses on the advancements, challenges, and potential of hydrogen energy systems and technologies. It covers various aspects such as renewable energy integration, electrolysis, power-to-gas technology, sustainability, energy storage, techno-economic analysis, fuel cells, and environmental impact.",Physical Sciences,Energy,Energy Engineering and Power Technology,95267,storage_and_grids|supplemental_audit,electrolysis|energy storage,2,true,low_carbon_industry,direct_renewable_hydrogen_electrolysis_and_power_to_gas_technology,reviewed,electrolysis.json|storage_and_grids__energy_storage.json,electrolysis.json:c06a1b7dac7e851b1a30e62d73f64afe3023254263c08a0c302d35cc436d5381|storage_and_grids__energy_storage.json:0c9479990c039f2b7d1627f86ad2d20d9ebb7d18ba4039a1a2e8ead8ea0145f1
T11052,Energy Load and Power Forecasting,"This cluster of papers focuses on the methods and techniques for forecasting electricity prices and load demand, with an emphasis on short-term forecasting using neural networks, ARIMA models, and probabilistic approaches. The cluster also covers topics related to wind power generation, deep learning applications, and renewable energy forecasting.",Physical Sciences,Engineering,Electrical and Electronic Engineering,71750,renewable_energy,wind power,2,false,,exclude_not_direct_green_technology_or_incidental_keyword_match,reviewed,renewable_energy__wind_power.json,renewable_energy__wind_power.json:b0372e9397f50194ec192ca428c5e63338cb9843d5bd6eeca0a2794d56d27261
T11091,Extraction and Separation Processes,"This cluster of papers focuses on the recycling of lithium-ion batteries, recovery of rare earth elements, and sustainable technology for metal recovery. It discusses hydrometallurgical processes, circular economy implications, environmental impact, and global supply concerns related to battery recycling and rare earth recovery.",Physical Sciences,Engineering,Mechanical Engineering,148890,circular_resources|supplemental_audit,circular economy|recycling|recycling technology,2,true,circular_resources,direct_battery_and_critical_material_recycling_technology,reviewed,circular_resources__circular_economy.json|circular_resources__recycling_technology.json|recycling.json,circular_resources__circular_economy.json:244b0ad4cfae7173c2b8babfed1b5aeb6c0de726d022b63edec28196bcd7fe3c|circular_resources__recycling_technology.json:9a9a98cf596c412df45bee615877e3b8dc0bc5f4a095b222596e13b23a3732d0|recycling.json:dd83b7dd56a0c784b352537e40cc1f1f05498ab5d25866e6a459e3b34182c39e
T11102,HVDC Systems and Fault Protection,"This cluster of papers focuses on the design, operation, control, and applications of Modular Multilevel Converters (MMC) in High Voltage Direct Current (HVDC) systems. It covers topics such as circuit topologies, power transmission, control strategies, fault detection, and voltage control, with a specific emphasis on the integration of MMC in offshore wind farms.",Physical Sciences,Engineering,Electrical and Electronic Engineering,46328,renewable_energy,wind power,10,false,,exclude_not_direct_green_technology_or_incidental_keyword_match,reviewed,renewable_energy__wind_power.json,renewable_energy__wind_power.json:b0372e9397f50194ec192ca428c5e63338cb9843d5bd6eeca0a2794d56d27261
T11108,Municipal Solid Waste Management,"This cluster of papers focuses on the challenges and practices in solid waste management, particularly in developing countries. It covers topics such as municipal solid waste, recycling, landfill, life cycle assessment, renewable energy, waste-to-energy, environmental impact, and sustainability.",Physical Sciences,Environmental Science,Waste Management and Disposal,75922,supplemental_audit,recycling,10,false,,exclude_not_direct_green_technology_or_incidental_keyword_match,reviewed,recycling.json,recycling.json:dd83b7dd56a0c784b352537e40cc1f1f05498ab5d25866e6a459e3b34182c39e
T11126,Metallurgical Processes and Thermodynamics,"This cluster of papers focuses on the development, application, and optimization of thermochemical software and databases in metallurgical processes, particularly in the context of steel casting, slag chemistry, inclusion control, solidification modeling, mold fluxes, and heat recovery. The research encompasses a wide range of topics such as thermodynamic modeling, phase equilibrium, fluid flow, and the utilization of waste heat in the steelmaking industry.",Physical Sciences,Engineering,Mechanical Engineering,109973,supplemental_audit,steelmaking,2,false,,exclude_not_direct_green_technology_or_incidental_keyword_match,reviewed,steelmaking.json,steelmaking.json:c8ee438cc53af5aec9f34e4abfb50e3f75860592b270cbbada85dc0ebe9d5971
T11185,Integrated Energy Systems Optimization,"This cluster of papers focuses on the integration of renewable energy systems, including wind, water, and solar power, into existing power grids. It covers topics such as district heating, electricity storage, energy modeling, power grid flexibility, and the transition towards decarbonized energy systems.",Physical Sciences,Engineering,Electrical and Electronic Engineering,86925,renewable_energy,wind power,6,true,storage_and_grids,direct_integrated_renewable_energy_system_technology,reviewed,renewable_energy__wind_power.json,renewable_energy__wind_power.json:b0372e9397f50194ec192ca428c5e63338cb9843d5bd6eeca0a2794d56d27261
T11188,Coagulation and Flocculation Studies,"This cluster of papers focuses on the processes of coagulation and flocculation in water treatment, with an emphasis on the use of nanoparticles, polymers, and natural coagulants. It covers topics such as dewatering of sludge, synthesis of nanostructured particles, application of flocculants in wastewater treatment, and the removal of natural organic matter during drinking water treatment.",Physical Sciences,Environmental Science,Water Science and Technology,25693,circular_resources,water treatment,6,true,circular_resources,direct_water_and_sludge_treatment_technology,reviewed,circular_resources__water_treatment.json,circular_resources__water_treatment.json:02c1f7e97ee5b6e0aeb28ec0c4489fea1e0604943ddb1dde8e7deb1459a252dd
T11202,Cavitation Phenomena in Pumps,"This cluster of papers focuses on the phenomenon of cavitation in hydropower systems and turbines. It covers topics such as numerical simulation of turbulent cavitating flows, fluid-structure interaction analysis, pump operation as turbine, vortex dynamics, and the impact of cavitation on energy production. The papers also discuss cavitation prediction, large eddy simulation, and the influence of cavitation on hydropower efficiency.",Physical Sciences,Engineering,Mechanics of Materials,49478,renewable_energy,hydropower,3,false,,exclude_not_direct_green_technology_or_incidental_keyword_match,reviewed,renewable_energy__hydropower.json,renewable_energy__hydropower.json:74d8f96089d4cbb5495ca341da3a5d77f2906bbcf8d24edc9dff18ef2746cbe2
T11225,Geothermal Energy Systems and Applications,"This cluster of papers covers a wide range of topics related to geothermal energy technology and applications, including ground source heat pumps, thermal conductivity of rocks and soils, enhanced geothermal systems, energy piles, seasonal thermal energy storage, and sustainability. The papers discuss experimental evaluations, numerical simulations, performance analyses, and techno-economic appraisals of various geothermal energy systems and technologies.",Physical Sciences,Energy,"Renewable Energy, Sustainability and the Environment",53488,efficiency_and_electrification|renewable_energy,geothermal energy|heat pump,1,true,renewable_energy,direct_geothermal_energy_system_technology,reviewed,efficiency_and_electrification__heat_pump.json|renewable_energy__geothermal_energy.json,efficiency_and_electrification__heat_pump.json:4534b6d4f949a225f1cfeb657dcaaec4140d52622c22f033b3525db379f3123f|renewable_energy__geothermal_energy.json:2e204e974e6be2c45d3a6fc5ce2b962741d3d7b5223e0166c4774cebb5673ad6
T11249,Wireless Power Transfer Systems,"This cluster of papers focuses on the analysis, design, and optimization of wireless power transfer systems, with applications in electric vehicle charging, biomedical implants, and contactless power transmission. The research covers topics such as inductive power transfer, magnetic resonant coupling, efficiency optimization, coil design, and dynamic charging for implantable devices and electric vehicles.",Physical Sciences,Engineering,Electrical and Electronic Engineering,36112,efficiency_and_electrification,electric vehicle,6,false,,exclude_not_direct_green_technology_or_incidental_keyword_match,reviewed,efficiency_and_electrification__electric_vehicle.json,efficiency_and_electrification__electric_vehicle.json:7c6b62a70465a6467bbc9d9c390cd90435e521cc8b7102f9b22b7f23dd847d26
T11276,Solar Radiation and Photovoltaics,"This cluster of papers focuses on the application of machine learning methods, particularly artificial neural networks, for forecasting solar radiation and photovoltaic power generation. It covers topics such as solar energy integration, grid-connected PV plant performance prediction, solar position algorithms, and GIS-based site selection for solar farms.",Physical Sciences,Computer Science,Artificial Intelligence,56687,renewable_energy,photovoltaic,4,true,renewable_energy,direct_photovoltaic_resource_and_device_technology,reviewed,renewable_energy__photovoltaic.json,renewable_energy__photovoltaic.json:14f0459c418f54ca5151da9eae78f192f94af3c1107c297963edf53d542ff4d3
T11302,CO2 Sequestration and Geologic Interactions,"This cluster of papers focuses on the geological storage of carbon dioxide (CO2) as a method for mitigating climate change. It covers topics such as CO2 sequestration, mineral carbonation, reactive transport modeling, caprock integrity, and the role of saline aquifers in storing CO2. The papers explore the potential of deep sedimentary formations for long-term storage and investigate the geochemical processes involved in CO2 capture and storage.",Physical Sciences,Environmental Science,Environmental Engineering,65042,low_carbon_industry,carbon capture,6,true,low_carbon_industry,direct_carbon_storage_and_sequestration_technology,reviewed,low_carbon_industry__carbon_capture.json,low_carbon_industry__carbon_capture.json:3762c0b0618c3faa97790e12bad0f345844c3ed6c9ac7ed4741191f774a6209f
T11336,Energy and Environment Impacts,"This cluster of papers focuses on the impact of indoor air pollution from household fuel use, particularly in developing countries. It covers topics such as energy poverty, respiratory infections, solid fuel use, renewable energy solutions, health impacts, and rural electrification.",Physical Sciences,Environmental Science,Pollution,102007,supplemental_audit,electrification,1,false,,exclude_not_direct_green_technology_or_incidental_keyword_match,reviewed,electrification.json,electrification.json:322856eb9e5c1ab034e07c5f961f4197743936f86f719ee6332704cb14412fe3
T11401,Minerals Flotation and Separation Techniques,"This cluster of papers focuses on the study of nanobubbles and their applications in water treatment, particularly in flotation processes. It covers topics such as the generation, stability, and properties of nanobubbles, their interactions with hydrophobic surfaces, and their role in mineral flotation and other water treatment techniques.",Physical Sciences,Environmental Science,Water Science and Technology,74504,circular_resources,water treatment,5,false,,exclude_not_direct_green_technology_or_incidental_keyword_match,reviewed,circular_resources__water_treatment.json,circular_resources__water_treatment.json:02c1f7e97ee5b6e0aeb28ec0c4489fea1e0604943ddb1dde8e7deb1459a252dd
T11444,Electromagnetic Compatibility and Noise Suppression,"This cluster of papers focuses on the electromagnetic compatibility (EMC) in electronics, particularly in the context of power electronics, filter design, high-frequency modeling, and EMI suppression techniques for PWM inverters and induction motors.",Physical Sciences,Engineering,Electrical and Electronic Engineering,44337,storage_and_grids,power electronics,6,false,,exclude_not_direct_green_technology_or_incidental_keyword_match,reviewed,storage_and_grids__power_electronics.json,storage_and_grids__power_electronics.json:be47fef914273974beb77ae0072575b540ba8281ee6bc95f57778df7900bf416
T11493,Water Treatment and Disinfection,"This cluster of papers focuses on the occurrence, genotoxicity, and carcinogenicity of disinfection by-products (DBPs) in drinking water, with a specific emphasis on the effects of chlorination and alternative disinfectants. It also explores the formation, control, and health implications of various DBPs, including nitrosamines, haloacetic acids, and halonitromethanes. The cluster delves into the microbial ecology of drinking water distribution systems and the characterization of natural organic matter in relation to DBP formation.",Physical Sciences,Environmental Science,"Health, Toxicology and Mutagenesis",44149,circular_resources,water treatment,2,true,circular_resources,direct_water_disinfection_and_byproduct_control_technology,reviewed,circular_resources__water_treatment.json,circular_resources__water_treatment.json:02c1f7e97ee5b6e0aeb28ec0c4489fea1e0604943ddb1dde8e7deb1459a252dd
T11529,Refrigeration and Air Conditioning Technologies,"This cluster of papers focuses on refrigeration systems and technologies, with an emphasis on refrigerants, ejectors, CO2 heat pumps, vapor compression systems, low-GWP alternatives, thermodynamic analysis, energy efficiency, environmental impact, and heat pump technology. The papers cover a wide range of topics including experimental validation, numerical investigations, performance predictions, and environmental considerations in the field of refrigeration and heat pump systems.",Physical Sciences,Engineering,Mechanical Engineering,62381,efficiency_and_electrification,heat pump,1,true,efficiency_and_electrification,direct_heat_pump_and_efficient_hvac_technology,reviewed,efficiency_and_electrification__heat_pump.json,efficiency_and_electrification__heat_pump.json:4534b6d4f949a225f1cfeb657dcaaec4140d52622c22f033b3525db379f3123f
T11568,Railway Systems and Energy Efficiency,"This cluster of papers focuses on the optimization of railway scheduling and operations, including train scheduling, railway timetabling, energy efficiency, traffic management, rescheduling algorithms, urban rail systems, regenerative braking, optimal control, passenger demand-oriented planning, and sustainable transportation.",Physical Sciences,Engineering,Industrial and Manufacturing Engineering,55576,efficiency_and_electrification,energy efficiency,2,false,,exclude_not_direct_green_technology_or_incidental_keyword_match,reviewed,efficiency_and_electrification__energy_efficiency.json,efficiency_and_electrification__energy_efficiency.json:39eaea6727d8981350dee2a60920c8007dd7c4bf7aab877793649f165c237272
T11664,Fiber-reinforced polymer composites,"This cluster of papers focuses on the recycling technologies, methods, and environmental impact assessment of carbon fiber composites. It covers topics such as heat treatment, interfacial properties, mechanical and thermal behavior, as well as the use of graphene oxide and pyrolysis in the recycling process.",Physical Sciences,Engineering,Mechanical Engineering,54535,circular_resources|supplemental_audit,recycling|recycling technology,1,true,circular_resources,direct_composite_material_recycling_technology,reviewed,circular_resources__recycling_technology.json|recycling.json,circular_resources__recycling_technology.json:9a9a98cf596c412df45bee615877e3b8dc0bc5f4a095b222596e13b23a3732d0|recycling.json:dd83b7dd56a0c784b352537e40cc1f1f05498ab5d25866e6a459e3b34182c39e
T11672,Recycling and utilization of industrial and municipal waste in materials production,"This cluster of papers focuses on the utilization of various waste materials, such as incineration residues, sewage sludge ash, and glass-ceramics, in the production of bricks and ceramic materials. It explores the recycling and sustainable use of these waste materials, as well as their leaching behavior and potential applications in promoting a circular economy.",Physical Sciences,Engineering,Building and Construction,52604,circular_resources|supplemental_audit,circular economy|recycling,3,true,circular_resources,direct_waste_reuse_in_materials_production_technology,reviewed,circular_resources__circular_economy.json|recycling.json,circular_resources__circular_economy.json:244b0ad4cfae7173c2b8babfed1b5aeb6c0de726d022b63edec28196bcd7fe3c|recycling.json:dd83b7dd56a0c784b352537e40cc1f1f05498ab5d25866e6a459e3b34182c39e
T11690,Advanced battery technologies research,"This cluster of papers focuses on the development and advancement of aqueous zinc-ion battery technology for energy storage, with an emphasis on rechargeable batteries, zinc anode, electrolyte design, cathode materials, high energy density, and its application in grid storage.",Physical Sciences,Engineering,Electrical and Electronic Engineering,49336,storage_and_grids,energy storage,5,true,storage_and_grids,direct_grid_storage_battery_technology,reviewed,storage_and_grids__energy_storage.json,storage_and_grids__energy_storage.json:0c9479990c039f2b7d1627f86ad2d20d9ebb7d18ba4039a1a2e8ead8ea0145f1
T11802,Chemical Looping and Thermochemical Processes,"This cluster of papers focuses on advancements in chemical-looping technologies, including chemical-looping combustion, solar thermochemical production, CO2 capture, oxygen carriers, hydrogen production, thermochemical cycles, high-temperature solar chemistry, sorption-enhanced reforming, and the use of solid fuels. These papers contribute to the development of more efficient and sustainable processes for energy production and carbon capture.",Physical Sciences,Engineering,Biomedical Engineering,22094,low_carbon_industry,carbon capture,2,true,low_carbon_industry,direct_low_carbon_chemical_looping_process,reviewed,low_carbon_industry__carbon_capture.json,low_carbon_industry__carbon_capture.json:3762c0b0618c3faa97790e12bad0f345844c3ed6c9ac7ed4741191f774a6209f
T11805,Agricultural economics and policies,"This cluster of papers covers a wide range of topics related to agricultural economics, rural development, sustainable agriculture, farm management, European agricultural policy, environmental impact, agribusiness, rural sociology, food logistics, and financial structure. The papers discuss issues such as multifunctionality of agriculture, efficiency of plant nutrient recycling, credit market imperfections, information technology in food and beverage logistics management, and the impact of externalities from swine production. They also address the role of agriculture in creating energy security, the importance of knowledge in the agricultural sector, and the economic impacts of avian influenza on world poultry trade.",Social Sciences,Social Sciences,Safety Research,60073,circular_resources|supplemental_audit,recycling|recycling technology,7,false,,exclude_not_direct_green_technology_or_incidental_keyword_match,reviewed,circular_resources__recycling_technology.json|recycling.json,circular_resources__recycling_technology.json:9a9a98cf596c412df45bee615877e3b8dc0bc5f4a095b222596e13b23a3732d0|recycling.json:dd83b7dd56a0c784b352537e40cc1f1f05498ab5d25866e6a459e3b34182c39e
T11821,Odor and Emission Control Technologies,"This cluster of papers covers the chemical and biological technologies for controlling odors, with a focus on managing emissions of hydrogen sulfide, volatile organic compounds, ammonia, and siloxanes. It explores bioreactors, biofiltration, microbial communities, and concrete corrosion in sewer systems and waste gas treatment. The papers also discuss the sulfur cycle, odor measurements, health risk assessment, and environmental impacts.",Physical Sciences,Chemical Engineering,Process Chemistry and Technology,39740,circular_resources,waste treatment,2,true,circular_resources,direct_waste_gas_and_emission_treatment_technology,reviewed,circular_resources__waste_treatment.json,circular_resources__waste_treatment.json:55c6a307222642ff8a2d4b20fa911a8cbaa5fa276686b4f85d2a5eb92d72cd85
T11837,Iron and Steelmaking Processes,"This cluster of papers focuses on the reduction kinetics of iron oxides using hydrogen and carbon monoxide in various ironmaking processes, particularly in the context of steel industry sustainability and energy efficiency. It also explores the potential applications of biomass and innovative metallurgical processes.",Physical Sciences,Engineering,Mechanical Engineering,48198,supplemental_audit,steelmaking,1,true,low_carbon_industry,direct_hydrogen_reduction_and_efficient_steelmaking_technology,reviewed,steelmaking.json,steelmaking.json:c8ee438cc53af5aec9f34e4abfb50e3f75860592b270cbbada85dc0ebe9d5971
T11847,Recycled Aggregate Concrete Performance,"This cluster of papers focuses on the influence of recycled aggregate concrete on construction, covering topics such as mechanical behavior, durability performance, sustainability, waste reduction, and environmental impact assessment. It explores the properties, production processes, and management of construction waste to promote sustainable practices in the construction industry.",Physical Sciences,Engineering,Building and Construction,47704,supplemental_audit,recycling,2,true,circular_resources,direct_construction_material_recycling_technology,reviewed,recycling.json,recycling.json:dd83b7dd56a0c784b352537e40cc1f1f05498ab5d25866e6a459e3b34182c39e
T11916,Legionella and Acanthamoeba research,"This cluster of papers explores the interactions between Legionella bacteria and amoebae, focusing on their role in disease pathogenesis, diagnosis, and treatment. It covers genomic analysis, virulence factors, and the impact of water systems on the spread of these pathogens.",Life Sciences,"Biochemistry, Genetics and Molecular Biology",Endocrinology,39800,circular_resources,water treatment,10,false,,exclude_not_direct_green_technology_or_incidental_keyword_match,reviewed,circular_resources__water_treatment.json,circular_resources__water_treatment.json:02c1f7e97ee5b6e0aeb28ec0c4489fea1e0604943ddb1dde8e7deb1459a252dd
T11941,Power System Reliability and Maintenance,"This cluster of papers focuses on the reliability assessment of wind power generation systems, including topics such as maintenance scheduling, probabilistic assessment, generation adequacy, security assessment, transmission planning, and the integration of energy storage. The research aims to evaluate and enhance the reliability of power systems incorporating wind energy.",Physical Sciences,Engineering,"Safety, Risk, Reliability and Quality",31371,renewable_energy,wind power,4,false,,exclude_not_direct_green_technology_or_incidental_keyword_match,reviewed,renewable_energy__wind_power.json,renewable_energy__wind_power.json:b0372e9397f50194ec192ca428c5e63338cb9843d5bd6eeca0a2794d56d27261
T11947,Molten salt chemistry and electrochemical processes,"This cluster of papers focuses on the electrochemical reduction and production processes in molten salts, including topics such as metal production, energy storage using liquid metal batteries, carbon capture, pyroprocessing technology, rare earth extraction, and the development of thermal battery technology. The research covers a wide range of applications and techniques for utilizing molten salt electrolysis in various industrial processes.",Physical Sciences,Chemical Engineering,Fluid Flow and Transfer Processes,25682,low_carbon_industry|storage_and_grids|supplemental_audit,carbon capture|electrochemical battery|electrolysis,3,false,,exclude_not_direct_green_technology_or_incidental_keyword_match,reviewed,electrolysis.json|low_carbon_industry__carbon_capture.json|storage_and_grids__electrochemical_battery.json,electrolysis.json:c06a1b7dac7e851b1a30e62d73f64afe3023254263c08a0c302d35cc436d5381|low_carbon_industry__carbon_capture.json:3762c0b0618c3faa97790e12bad0f345844c3ed6c9ac7ed4741191f774a6209f|storage_and_grids__electrochemical_battery.json:94c36717fd9194374a58d41c7a6516c802c578e1839dbd2b8a400e8a286fe07e
T11954,Energy Efficiency and Management,"This cluster of papers focuses on energy efficiency in manufacturing and the industrial sector, addressing topics such as energy consumption, resource efficiency, policy implications, barriers to implementation, machine tools, and sustainability. It explores strategies for reducing energy usage, optimizing processes, and promoting renewable energy in manufacturing and industry.",Physical Sciences,Energy,"Renewable Energy, Sustainability and the Environment",59584,efficiency_and_electrification,energy efficiency,1,true,efficiency_and_electrification,direct_industrial_energy_efficiency_capability,reviewed,efficiency_and_electrification__energy_efficiency.json,efficiency_and_electrification__energy_efficiency.json:39eaea6727d8981350dee2a60920c8007dd7c4bf7aab877793649f165c237272
T12003,Bioenergy crop production and management,"This cluster of papers explores the development, cultivation, and impacts of bioenergy crops, with a focus on perennial grasses such as switchgrass and miscanthus. It covers topics such as biomass production, energy balance, soil carbon sequestration, genetic improvement, and environmental implications of cultivating bioenergy crops. The research aims to understand the potential of these crops for sustainable energy production and their effects on agricultural landscapes.",Life Sciences,Agricultural and Biological Sciences,Agronomy and Crop Science,77982,renewable_energy,bioenergy,1,true,renewable_energy,direct_bioenergy_feedstock_capability,reviewed,renewable_energy__bioenergy.json,renewable_energy__bioenergy.json:6d282b3dfda3914d4cd0f8b06cb3411cbdf6dd35fd3307a8d54bda69e9c0c9b4
T12014,"Fish biology, ecology, and behavior","This cluster of papers focuses on the biogeography, conservation, and ecological dynamics of Neotropical freshwater fishes, with an emphasis on the Amazon River system. It covers topics such as fish biodiversity, impacts of hydropower dams, aging research using short-lived fish species, tropical river fisheries, electroreception in fishes, and the effects of habitat degradation on fish assemblages. The papers also explore the historical biogeography and evolutionary history of Neotropical freshwater fishes.",Physical Sciences,Environmental Science,Nature and Landscape Conservation,124998,renewable_energy,hydropower,4,false,,exclude_not_direct_green_technology_or_incidental_keyword_match,reviewed,renewable_energy__hydropower.json,renewable_energy__hydropower.json:74d8f96089d4cbb5495ca341da3a5d77f2906bbcf8d24edc9dff18ef2746cbe2
T12017,Recycling and Waste Management Techniques,"This cluster of papers focuses on the global production, environmental impacts, recycling techniques, management practices, and legislation related to electronic waste (e-waste). It covers topics such as metal recovery, hazardous substances, health consequences, and the challenges and opportunities in e-waste recycling.",Physical Sciences,Environmental Science,Waste Management and Disposal,105145,supplemental_audit,recycling,1,true,circular_resources,direct_electronic_waste_recovery_technology,reviewed,recycling.json,recycling.json:dd83b7dd56a0c784b352537e40cc1f1f05498ab5d25866e6a459e3b34182c39e
T12038,Covalent Organic Framework Applications,"This cluster of papers focuses on the design, synthesis, and applications of porous, crystalline covalent organic frameworks (COFs) for energy storage, clean energy applications, catalysis, membrane separations, and chemical stability. These organic frameworks show potential in areas such as hydrogen storage, methane storage, carbon dioxide capture, and heterogeneous catalysis.",Physical Sciences,Materials Science,Materials Chemistry,31680,low_carbon_industry|storage_and_grids,carbon capture|energy storage,5,false,,exclude_not_direct_green_technology_or_incidental_keyword_match,reviewed,low_carbon_industry__carbon_capture.json|storage_and_grids__energy_storage.json,low_carbon_industry__carbon_capture.json:3762c0b0618c3faa97790e12bad0f345844c3ed6c9ac7ed4741191f774a6209f|storage_and_grids__energy_storage.json:0c9479990c039f2b7d1627f86ad2d20d9ebb7d18ba4039a1a2e8ead8ea0145f1
T12046,MXene and MAX Phase Materials,"This cluster of papers focuses on the research and development of two-dimensional transition metal carbides and nitrides, known as MXenes. The papers cover a wide range of topics including energy storage, electrochemical properties, batteries, capacitance, nanosheets, electrocatalysis, and photothermal conversion.",Physical Sciences,Materials Science,Materials Chemistry,44500,storage_and_grids,electrochemical battery|energy storage,3,false,,exclude_not_direct_green_technology_or_incidental_keyword_match,reviewed,storage_and_grids__electrochemical_battery.json|storage_and_grids__energy_storage.json,storage_and_grids__electrochemical_battery.json:94c36717fd9194374a58d41c7a6516c802c578e1839dbd2b8a400e8a286fe07e|storage_and_grids__energy_storage.json:0c9479990c039f2b7d1627f86ad2d20d9ebb7d18ba4039a1a2e8ead8ea0145f1
T12099,Advanced materials and composites,"This cluster of papers focuses on the synthesis, sintering, and mechanical properties of cemented carbides, particularly tungsten carbide-based materials. It covers topics such as nanostructured materials, grain growth inhibition, spark plasma sintering, and the microstructure of cemented carbides. The research also delves into the application of these materials in hardmetal tools.",Physical Sciences,Engineering,Mechanical Engineering,63589,supplemental_audit,cement,2,false,,exclude_not_direct_green_technology_or_incidental_keyword_match,reviewed,cement.json,cement.json:a5a74c5aac031ff19bba799c4b6e66220fbf86b88ce5dbe553b7db769b1dad61
T12118,Forest Biomass Utilization and Management,"This cluster of papers focuses on the optimization and sustainable management of biomass supply chains for bioenergy production. It covers topics such as logistics, life cycle assessment, uncertainty, multiobjective optimization, and the use of Geographic Information Systems (GIS) to analyze biomass resources and facilities locations.",Physical Sciences,Engineering,Mechanics of Materials,57401,renewable_energy,bioenergy,4,true,renewable_energy,direct_sustainable_biomass_utilization_capability,reviewed,renewable_energy__bioenergy.json,renewable_energy__bioenergy.json:6d282b3dfda3914d4cd0f8b06cb3411cbdf6dd35fd3307a8d54bda69e9c0c9b4
T12146,Power Line Communications and Noise,"This cluster of papers focuses on the use of power line communications in smart grid applications, addressing topics such as impulsive noise, broadband channel modeling, spectrum balancing, and the impact of multipath effects on OFDM systems. It also explores techniques for noise mitigation and optimization of digital subscriber lines in the context of power line communications.",Physical Sciences,Engineering,Electrical and Electronic Engineering,57625,storage_and_grids,smart grid,8,false,,exclude_not_direct_green_technology_or_incidental_keyword_match,reviewed,storage_and_grids__smart_grid.json,storage_and_grids__smart_grid.json:7f7b1d274cf0977b9f987cd223ff418451b16b2fd38874e89d76042127d7a6a9
T12152,Concrete Properties and Behavior,"This cluster of papers focuses on the mechanisms and mitigation strategies for autogenous shrinkage in high-performance cement-based materials. It explores the use of internal curing, superabsorbent polymers, and shrinkage-reducing admixtures to address early-age behavior, cracking resistance, and hygro-thermo-chemo-mechanical modeling of concrete. The research also delves into the effects of drying shrinkage and the development of strategies to control autogenous shrinkage in concrete.",Physical Sciences,Engineering,Civil and Structural Engineering,26094,supplemental_audit,cement,6,false,,exclude_not_direct_green_technology_or_incidental_keyword_match,reviewed,cement.json,cement.json:a5a74c5aac031ff19bba799c4b6e66220fbf86b88ce5dbe553b7db769b1dad61
T12186,Phosphorus and nutrient management,"This cluster of papers focuses on the recovery and sustainable management of phosphorus, a critical nutrient for global food security. The research covers various methods such as struvite formation, adsorption, and biochar utilization to remove phosphorus from wastewater and its potential reuse as fertilizer. The aim is to address the global phosphorus scarcity and develop efficient techniques for phosphorus recovery and recycling to ensure long-term sustainability in food production.",Physical Sciences,Environmental Science,Waste Management and Disposal,55479,supplemental_audit,recycling,11,true,circular_resources,direct_nutrient_recovery_and_reuse_technology,reviewed,recycling.json,recycling.json:dd83b7dd56a0c784b352537e40cc1f1f05498ab5d25866e6a459e3b34182c39e
T12240,Nanomaterials for catalytic reactions,"This cluster of papers focuses on the catalytic reduction and hydrogenation of nitro compounds using metal nanoparticles, supported catalysts, and green synthesis methods. It explores chemoselective reactions, selective hydrogenation processes, and the environmental applications of these catalytic systems.",Physical Sciences,Chemistry,Organic Chemistry,45720,low_carbon_industry,green hydrogen,1,false,,exclude_not_direct_green_technology_or_incidental_keyword_match,reviewed,low_carbon_industry__green_hydrogen.json,low_carbon_industry__green_hydrogen.json:4d95cd538935341416261b33b97eaf643885042dde5e54815a51e2d9da78b2b4
T12271,Renewable energy and sustainable power systems,"This cluster of papers focuses on the transition towards renewable energy sources, integration of carbon capture technologies in coal-fired power plants, energy efficiency improvements, utilization of biomass, restructuring of electricity markets, implementation of smart grids, and the economic analysis of these energy transition initiatives.",Physical Sciences,Energy,"Renewable Energy, Sustainability and the Environment",62307,low_carbon_industry|storage_and_grids,carbon capture|smart grid,7,false,,exclude_not_direct_green_technology_or_incidental_keyword_match,reviewed,low_carbon_industry__carbon_capture.json|storage_and_grids__smart_grid.json,low_carbon_industry__carbon_capture.json:3762c0b0618c3faa97790e12bad0f345844c3ed6c9ac7ed4741191f774a6209f|storage_and_grids__smart_grid.json:7f7b1d274cf0977b9f987cd223ff418451b16b2fd38874e89d76042127d7a6a9
T12309,solar cell performance optimization,"This cluster of papers focuses on the advancements in multijunction solar cell technology, particularly in the context of concentrator photovoltaics. The research covers topics such as high efficiency, III-V compound semiconductors, metamorphic epitaxy, photon recycling, spectral beam splitting, electroluminescence measurements, radiation resistance, and energy conversion efficiency.",Physical Sciences,Engineering,Electrical and Electronic Engineering,40050,circular_resources|supplemental_audit,recycling|recycling technology,4,true,renewable_energy,direct_high_efficiency_solar_cell_technology,reviewed,circular_resources__recycling_technology.json|recycling.json,circular_resources__recycling_technology.json:9a9a98cf596c412df45bee615877e3b8dc0bc5f4a095b222596e13b23a3732d0|recycling.json:dd83b7dd56a0c784b352537e40cc1f1f05498ab5d25866e6a459e3b34182c39e
T12371,Electrical Contact Performance and Analysis,"This cluster of papers focuses on the dynamics and performance of pantograph-catenary systems in railway electrification. It covers topics such as wear prediction, sliding wear behavior, arc erosion, influence of electrical current, and the development of new electrical contact materials. The research also delves into the impact of aerodynamic forces, temperature, and various parameters on the pantograph-catenary interaction for high-speed trains.",Physical Sciences,Engineering,Mechanical Engineering,21263,supplemental_audit,electrification,2,false,,exclude_not_direct_green_technology_or_incidental_keyword_match,reviewed,electrification.json,electrification.json:322856eb9e5c1ab034e07c5f961f4197743936f86f719ee6332704cb14412fe3
T12412,Enzyme function and inhibition,"This cluster of papers explores the role of carbonic anhydrases in medicine and biotechnology, focusing on their inhibitors, activators, and their potential therapeutic applications in cancer therapy and CO2 capture. The papers cover a wide range of topics including tumor hypoxia, drug discovery, enzyme structure and function, and the use of carbonic anhydrases as targets for medicinal chemistry.",Life Sciences,"Biochemistry, Genetics and Molecular Biology",Molecular Biology,38826,low_carbon_industry,carbon capture,3,false,,exclude_not_direct_green_technology_or_incidental_keyword_match,reviewed,low_carbon_industry__carbon_capture.json,low_carbon_industry__carbon_capture.json:3762c0b0618c3faa97790e12bad0f345844c3ed6c9ac7ed4741191f774a6209f
T12431,Sugarcane Cultivation and Processing,"This cluster of papers covers a wide range of genetic and agricultural studies related to sugarcane, including genomics, genetic mapping, water stress response, sucrose content regulation, bioenergy production, drought tolerance, biomass accumulation, and the impact of climate change on sugarcane production.",Life Sciences,Agricultural and Biological Sciences,Plant Science,61672,renewable_energy,bioenergy,3,false,,exclude_not_direct_green_technology_or_incidental_keyword_match,reviewed,renewable_energy__bioenergy.json,renewable_energy__bioenergy.json:6d282b3dfda3914d4cd0f8b06cb3411cbdf6dd35fd3307a8d54bda69e9c0c9b4
T12451,Smart Grid and Power Systems,"This cluster of papers focuses on the technology, development, and applications of smart grid systems, including topics such as cloud computing, big data, renewable energy integration, distribution automation, intelligent control, and reliability analysis in the context of electric power systems. The papers also discuss energy efficiency and the impact of advanced metering infrastructure (AMI) on power supply.",Physical Sciences,Engineering,Electrical and Electronic Engineering,38362,storage_and_grids,smart grid,3,true,storage_and_grids,direct_smart_grid_and_renewable_integration_technology,reviewed,storage_and_grids__smart_grid.json,storage_and_grids__smart_grid.json:7f7b1d274cf0977b9f987cd223ff418451b16b2fd38874e89d76042127d7a6a9
T12503,Social Acceptance of Renewable Energy,"This cluster of papers explores the social acceptance of renewable energy innovation, focusing on public perceptions, community attitudes, and the role of place attachment in the context of wind power and other sustainable energy technologies. It discusses factors influencing acceptance, such as NIMBYism, equity, fairness, and the impact on local communities. The research also delves into the societal and economic implications of renewable energy deployment.",Social Sciences,Social Sciences,Sociology and Political Science,94776,renewable_energy,wind power,5,false,,exclude_not_direct_green_technology_or_incidental_keyword_match,reviewed,renewable_energy__wind_power.json,renewable_energy__wind_power.json:b0372e9397f50194ec192ca428c5e63338cb9843d5bd6eeca0a2794d56d27261
T12565,Physics and Engineering Research Articles,"This cluster of papers covers a wide range of topics related to fluid dynamics, renewable energy integration, engineering applications, materials science, vibration analysis, thermal management, sustainability, turbine technology, and mathematical modeling. It includes research on topics such as wind energy systems, hydrodynamics, heat transfer enhancement, and the development of new composite materials for various engineering applications.",Physical Sciences,Engineering,Computational Mechanics,433149,supplemental_audit,wind turbine,4,false,,exclude_not_direct_green_technology_or_incidental_keyword_match,reviewed,wind_turbine.json,wind_turbine.json:35f2d380efbea9e6f3dae58297199be170ff34e3c01faf7fc620dd5488f008c8
T12696,Icing and De-icing Technologies,"This cluster of papers focuses on the development and evaluation of various techniques to mitigate icing on wind turbines and aircraft. It covers topics such as anti-icing systems, de-icing techniques, aerodynamic performance under icing conditions, ultrasonic de-icing, and surface engineering issues critical to performance.",Physical Sciences,Engineering,Aerospace Engineering,24646,supplemental_audit,wind turbine,3,false,,exclude_not_direct_green_technology_or_incidental_keyword_match,reviewed,wind_turbine.json,wind_turbine.json:35f2d380efbea9e6f3dae58297199be170ff34e3c01faf7fc620dd5488f008c8
T12706,Subcritical and Supercritical Water Processes,"This cluster of papers focuses on the use of supercritical water for the gasification of biomass and organic wastes to produce hydrogen. It explores catalytic and non-catalytic reactions, reaction kinetics, and the potential for renewable energy production and waste treatment.",Physical Sciences,Engineering,Biomedical Engineering,14712,circular_resources,waste treatment,1,true,circular_resources,direct_waste_treatment_and_resource_recovery_process,reviewed,circular_resources__waste_treatment.json,circular_resources__waste_treatment.json:55c6a307222642ff8a2d4b20fa911a8cbaa5fa276686b4f85d2a5eb92d72cd85
T12719,Aerospace Engineering and Energy Systems,"This cluster of papers focuses on the development, modeling, control, and optimization of airborne wind energy systems, high-altitude wind power generation, and related high-altitude platforms such as tethered kites, stratospheric airships, and parafoil systems. The research also covers aspects of renewable energy generation, control systems for trajectory tracking, and the use of solar power in high-altitude environments.",Physical Sciences,Engineering,Aerospace Engineering,30338,renewable_energy,wind power,8,false,,exclude_not_direct_green_technology_or_incidental_keyword_match,reviewed,renewable_energy__wind_power.json,renewable_energy__wind_power.json:b0372e9397f50194ec192ca428c5e63338cb9843d5bd6eeca0a2794d56d27261
T12746,Sustainable Industrial Ecology,"This cluster of papers explores the concept of industrial symbiosis and the development of eco-industrial parks, focusing on topics such as circular economy, industrial ecology, sustainability, network analysis, waste management, urban industrial symbiosis, environmental assessment, and regional development. The papers cover case studies from various countries and provide insights into the potential benefits and challenges of implementing industrial symbiosis initiatives.",Physical Sciences,Engineering,Industrial and Manufacturing Engineering,37737,circular_resources,circular economy,6,true,circular_resources,direct_industrial_symbiosis_and_resource_network_capability,reviewed,circular_resources__circular_economy.json,circular_resources__circular_economy.json:244b0ad4cfae7173c2b8babfed1b5aeb6c0de726d022b63edec28196bcd7fe3c
T12774,Bauxite Residue and Utilization,"This cluster of papers focuses on the management, utilization, and environmental impact of bauxite residue, also known as red mud. It covers topics such as recovery of valuable metals, recycling, alkalinity transformation, and the use of red mud in various applications including cement production and environmental remediation.",Physical Sciences,Engineering,Mechanical Engineering,29488,supplemental_audit,cement|recycling,5,false,,exclude_not_direct_green_technology_or_incidental_keyword_match,reviewed,cement.json|recycling.json,cement.json:a5a74c5aac031ff19bba799c4b6e66220fbf86b88ce5dbe553b7db769b1dad61|recycling.json:dd83b7dd56a0c784b352537e40cc1f1f05498ab5d25866e6a459e3b34182c39e
T12804,Thermal Analysis in Power Transmission,"This cluster of papers focuses on the implementation, impact, and optimization of dynamic line rating systems for power networks. It covers topics such as thermal analysis of transmission lines, reliability impact of wind power integration, real-time monitoring, ampacity forecasting, network topology optimization, and the use of battery energy storage. The research aims to enhance the capacity and reliability of power networks through innovative approaches to dynamic line rating.",Physical Sciences,Engineering,Control and Systems Engineering,180571,renewable_energy,wind power,9,false,,exclude_not_direct_green_technology_or_incidental_keyword_match,reviewed,renewable_energy__wind_power.json,renewable_energy__wind_power.json:b0372e9397f50194ec192ca428c5e63338cb9843d5bd6eeca0a2794d56d27261
T12810,Real-time simulation and control systems,"This cluster of papers focuses on real-time simulation technologies for power systems, with an emphasis on Hardware-in-the-Loop (HIL) simulation, FPGA-based emulation, and digital simulation of power electronics, electrical systems, and renewable energy applications. The papers cover topics such as control systems, electric drives, and smart grid development.",Physical Sciences,Engineering,Control and Systems Engineering,58589,storage_and_grids,power electronics|smart grid,7,true,storage_and_grids,direct_power_system_and_smart_grid_control_technology,reviewed,storage_and_grids__power_electronics.json|storage_and_grids__smart_grid.json,storage_and_grids__power_electronics.json:be47fef914273974beb77ae0072575b540ba8281ee6bc95f57778df7900bf416|storage_and_grids__smart_grid.json:7f7b1d274cf0977b9f987cd223ff418451b16b2fd38874e89d76042127d7a6a9
T12838,Photovoltaic Systems and Sustainability,"This cluster of papers focuses on the environmental impacts, life cycle assessment, energy payback time, and greenhouse gas emissions of solar energy technologies, particularly photovoltaic systems. It also explores the integration of solar panels with agriculture (agrivoltaic systems) and the recycling and end-of-life management of photovoltaic modules.",Physical Sciences,Environmental Science,Environmental Engineering,110288,circular_resources|renewable_energy|supplemental_audit,photovoltaic|recycling|recycling technology,5,true,renewable_energy,photovoltaic_system_lifecycle_and_end_of_life_technology,reviewed,circular_resources__recycling_technology.json|recycling.json|renewable_energy__photovoltaic.json,circular_resources__recycling_technology.json:9a9a98cf596c412df45bee615877e3b8dc0bc5f4a095b222596e13b23a3732d0|recycling.json:dd83b7dd56a0c784b352537e40cc1f1f05498ab5d25866e6a459e3b34182c39e|renewable_energy__photovoltaic.json:14f0459c418f54ca5151da9eae78f192f94af3c1107c297963edf53d542ff4d3
T12865,Tailings Management and Properties,"This cluster of papers focuses on the characteristics, failure, and remediation of mine tailings dams, with an emphasis on environmental impacts and sustainable management practices. It covers topics such as the design and application of cemented paste backfill, the effects of curing temperature on mechanical properties, and the environmental impacts of tailing dam failures. The cluster also explores the socio-economic and ecological impacts of dam breaches, as well as strategies for waste management and disaster risk disclosure in the mining industry.",Physical Sciences,Engineering,Civil and Structural Engineering,22473,supplemental_audit,cement,7,false,,exclude_not_direct_green_technology_or_incidental_keyword_match,reviewed,cement.json,cement.json:a5a74c5aac031ff19bba799c4b6e66220fbf86b88ce5dbe553b7db769b1dad61
T12898,Induction Heating and Inverter Technology,"This cluster of papers covers the technology, control algorithms, and applications of induction heating, with a focus on resonant inverters, high-frequency applications, efficiency optimization, and thermal analysis. It explores various aspects such as domestic appliances, power electronics, multi-coil systems, and induction cooking.",Physical Sciences,Engineering,Mechanical Engineering,35752,storage_and_grids,power electronics,9,true,efficiency_and_electrification,direct_electrified_heating_and_inverter_technology,reviewed,storage_and_grids__power_electronics.json,storage_and_grids__power_electronics.json:be47fef914273974beb77ae0072575b540ba8281ee6bc95f57778df7900bf416
T12899,Engineering and Technology Innovations,"This cluster of papers covers a wide range of topics related to electric circuits, electronics, wireless communication, renewable energy, robotics, smart systems, digital ordering systems, power systems, and IoT technology. It explores the origins of equivalent circuit concepts and their applications in various fields.",Physical Sciences,Engineering,Electrical and Electronic Engineering,83166,storage_and_grids,power electronics,10,false,,exclude_not_direct_green_technology_or_incidental_keyword_match,reviewed,storage_and_grids__power_electronics.json,storage_and_grids__power_electronics.json:be47fef914273974beb77ae0072575b540ba8281ee6bc95f57778df7900bf416
T12976,Magnetic and Electromagnetic Effects,"This cluster of papers explores the influence of magnetic fields on various biological systems, including the effects on water treatment, seed germination, plant growth, calcium carbonate precipitation, biochemical changes, irrigation water, electromagnetic stimulation, photosynthetic pigments, and soil moisture.",Life Sciences,"Biochemistry, Genetics and Molecular Biology",Physiology,49616,circular_resources,water treatment,7,false,,exclude_not_direct_green_technology_or_incidental_keyword_match,reviewed,circular_resources__water_treatment.json,circular_resources__water_treatment.json:02c1f7e97ee5b6e0aeb28ec0c4489fea1e0604943ddb1dde8e7deb1459a252dd
T13002,Southeast Asian Sociopolitical Studies,"This cluster of papers explores the complex political, social, and economic dynamics in Southeast Asia, with a focus on Thailand and Laos. It delves into topics such as political movements, ethnic identity, democracy, economic development, social resistance, cultural politics, hydropower projects, and borderlands.",Social Sciences,Social Sciences,Political Science and International Relations,79480,renewable_energy,hydropower,5,false,,exclude_not_direct_green_technology_or_incidental_keyword_match,reviewed,renewable_energy__hydropower.json,renewable_energy__hydropower.json:74d8f96089d4cbb5495ca341da3a5d77f2906bbcf8d24edc9dff18ef2746cbe2
T13039,Magnesium Oxide Properties and Applications,"This cluster of papers focuses on the synthesis, properties, and applications of magnesium-based cements and nanomaterials, including magnesium oxide (MgO) and magnesium hydroxide (Mg(OH)2). It covers topics such as the hydration mechanism, microstructure, phosphate ceramics, pore structure, and environmental remediation using these materials.",Physical Sciences,Materials Science,Materials Chemistry,23383,supplemental_audit,cement,4,false,,exclude_not_direct_green_technology_or_incidental_keyword_match,reviewed,cement.json,cement.json:a5a74c5aac031ff19bba799c4b6e66220fbf86b88ce5dbe553b7db769b1dad61
T13045,Industrial Engineering and Technologies,"This cluster of papers focuses on the intersection of digital economy, sustainable development, and technological innovation within the mineral resource sector. It covers topics such as energy efficiency, carbon sequestration, hydrogen initiatives, lithium-ion batteries, and renewable energy, with a specific emphasis on resource efficiency and circular economy principles.",Physical Sciences,Engineering,Mechanical Engineering,42237,circular_resources,circular economy,7,false,,exclude_not_direct_green_technology_or_incidental_keyword_match,reviewed,circular_resources__circular_economy.json,circular_resources__circular_economy.json:244b0ad4cfae7173c2b8babfed1b5aeb6c0de726d022b63edec28196bcd7fe3c
T13094,Mining and Gasification Technologies,"This cluster of papers explores the fundamentals, applications, and environmental impact of underground coal gasification (UCG), including topics such as gasification processes, hydrogen and syngas production, geomechanical analysis, carbon capture and storage, and economic assessments. It also covers the potential for UCG in different regions, such as India and China, as well as the technological aspects and challenges associated with UCG.",Physical Sciences,Engineering,Mechanical Engineering,41150,low_carbon_industry,carbon capture,8,false,,exclude_not_direct_green_technology_or_incidental_keyword_match,reviewed,low_carbon_industry__carbon_capture.json,low_carbon_industry__carbon_capture.json:3762c0b0618c3faa97790e12bad0f345844c3ed6c9ac7ed4741191f774a6209f
T13132,"Hydropower, Displacement, Environmental Impact","This cluster of papers explores the social, environmental, and economic impacts of dam-induced displacement and resettlement, with a focus on hydropower projects. It discusses the challenges, risks, and opportunities associated with large dam construction, involuntary resettlement, and the long-term effects on communities and ecosystems.",Social Sciences,Social Sciences,Sociology and Political Science,23292,renewable_energy,hydropower,1,false,,exclude_not_direct_green_technology_or_incidental_keyword_match,reviewed,renewable_energy__hydropower.json,renewable_energy__hydropower.json:74d8f96089d4cbb5495ca341da3a5d77f2906bbcf8d24edc9dff18ef2746cbe2
T13140,Materials Engineering and Processing,"This cluster of papers focuses on the recycling and utilization of foundry waste materials, such as waste foundry sand and oyster shells, in concrete production. The research explores the mechanical, environmental, and engineering properties of concrete incorporating these waste materials, aiming to promote sustainable construction practices and reduce environmental impact. It also investigates the use of controlled low-strength materials (CLSM) and industrial by-products in concrete manufacturing.",Physical Sciences,Engineering,Mechanical Engineering,37102,supplemental_audit,recycling,17,false,,exclude_not_direct_green_technology_or_incidental_keyword_match,reviewed,recycling.json,recycling.json:dd83b7dd56a0c784b352537e40cc1f1f05498ab5d25866e6a459e3b34182c39e
T13180,Chemistry and Chemical Engineering,"This cluster of papers focuses on the principles and applications of green chemistry, with a particular emphasis on sustainable chemistry, solvent selection, green engineering, metrics for assessing greenness, catalysis, life cycle assessment, circular economy, process mass intensity, medicinal chemistry, and environmental impact. The papers cover various aspects of incorporating green chemistry into research, development, and manufacturing processes across the pharmaceutical and chemical industries.",Physical Sciences,Environmental Science,Environmental Chemistry,166682,circular_resources,circular economy,3,false,,exclude_not_direct_green_technology_or_incidental_keyword_match,reviewed,circular_resources__circular_economy.json,circular_resources__circular_economy.json:244b0ad4cfae7173c2b8babfed1b5aeb6c0de726d022b63edec28196bcd7fe3c
T13240,Bioeconomy and Sustainability Development,"This cluster of papers explores the role of biomass and bioenergy in the bioeconomy, focusing on policies, sustainability, innovation, and the transition to a circular economy. It covers a wide range of topics including national strategies, governance, societal perceptions, industrial transformation, and the potential impact on regional development.",Life Sciences,Agricultural and Biological Sciences,General Agricultural and Biological Sciences,44068,circular_resources|renewable_energy,bioenergy|circular economy,5,false,,exclude_not_direct_green_technology_or_incidental_keyword_match,reviewed,circular_resources__circular_economy.json|renewable_energy__bioenergy.json,circular_resources__circular_economy.json:244b0ad4cfae7173c2b8babfed1b5aeb6c0de726d022b63edec28196bcd7fe3c|renewable_energy__bioenergy.json:6d282b3dfda3914d4cd0f8b06cb3411cbdf6dd35fd3307a8d54bda69e9c0c9b4
T13263,Building energy efficiency and sustainability,"This cluster of papers covers a wide range of topics related to energy efficiency in building construction, including sustainable architecture, fire resistance, thermal insulation, renovation management, environmental engineering, precast residential buildings, ventilation systems, and urban renewal.",Physical Sciences,Engineering,Building and Construction,25224,efficiency_and_electrification,energy efficiency,4,true,efficiency_and_electrification,direct_building_envelope_and_system_efficiency_technology,reviewed,efficiency_and_electrification__energy_efficiency.json,efficiency_and_electrification__energy_efficiency.json:39eaea6727d8981350dee2a60920c8007dd7c4bf7aab877793649f165c237272
T13344,Industrial Automation and Control Systems,"This cluster of papers focuses on the diverse applications of Programmable Logic Controllers (PLCs) in industrial automation, including SCADA systems, wireless communication, machine vision for waste recycling, and remote monitoring and control. It also explores the use of OPC technology for real-time data exchange and the implementation of automation in various manufacturing processes.",Physical Sciences,Engineering,Control and Systems Engineering,58422,circular_resources|supplemental_audit,recycling|recycling technology,6,false,,exclude_not_direct_green_technology_or_incidental_keyword_match,reviewed,circular_resources__recycling_technology.json|recycling.json,circular_resources__recycling_technology.json:9a9a98cf596c412df45bee615877e3b8dc0bc5f4a095b222596e13b23a3732d0|recycling.json:dd83b7dd56a0c784b352537e40cc1f1f05498ab5d25866e6a459e3b34182c39e
T13391,Innovations in Aquaponics and Hydroponics Systems,"This cluster of papers explores the challenges and opportunities in aquaponic systems, focusing on sustainability, nutrient recycling, commercial production, water quality, fish welfare, urban agriculture, microbial communities, and IoT monitoring. The research covers topics such as the integration of aquaculture and hydroponics, nutrient management, economic feasibility, and the potential for aquaponics to address global food challenges.",Life Sciences,Agricultural and Biological Sciences,Aquatic Science,17246,supplemental_audit,recycling,19,false,,exclude_not_direct_green_technology_or_incidental_keyword_match,reviewed,recycling.json,recycling.json:dd83b7dd56a0c784b352537e40cc1f1f05498ab5d25866e6a459e3b34182c39e
T13477,Sustainable Design and Development,"This cluster of papers covers a wide range of topics related to sustainable design, urban development, and environmental management. It includes discussions on circular economy, resource recovery, green urbanism, climate change, product development, biomimicry, and social innovation.",Physical Sciences,Engineering,Building and Construction,29538,circular_resources,circular economy,8,false,,exclude_not_direct_green_technology_or_incidental_keyword_match,reviewed,circular_resources__circular_economy.json,circular_resources__circular_economy.json:244b0ad4cfae7173c2b8babfed1b5aeb6c0de726d022b63edec28196bcd7fe3c
T13563,Chemical Analysis and Environmental Impact,"This cluster of papers focuses on the environmental contamination, health effects, and microbial reduction of perchlorate, a widespread environmental pollutant known to inhibit thyroidal radioiodine uptake in humans. The papers cover topics such as perchlorate levels in various sources, its impact on thyroid function, water treatment technologies, and bioremediation methods.",Physical Sciences,Environmental Science,"Health, Toxicology and Mutagenesis",22385,circular_resources,water treatment,8,true,circular_resources,direct_perchlorate_bioremediation_and_water_treatment_technology,reviewed,circular_resources__water_treatment.json,circular_resources__water_treatment.json:02c1f7e97ee5b6e0aeb28ec0c4489fea1e0604943ddb1dde8e7deb1459a252dd
T13630,Agriculture Market Analysis Ukraine,"This cluster of papers focuses on the sustainable development of the agricultural sector in Ukraine, addressing topics such as energy independence, financial support, innovation, and the environmental benefits of bioenergy production. It also explores the impact on rural areas and the importance of ensuring food security.",Life Sciences,Agricultural and Biological Sciences,General Agricultural and Biological Sciences,23315,renewable_energy,bioenergy,9,false,,exclude_not_direct_green_technology_or_incidental_keyword_match,reviewed,renewable_energy__bioenergy.json,renewable_energy__bioenergy.json:6d282b3dfda3914d4cd0f8b06cb3411cbdf6dd35fd3307a8d54bda69e9c0c9b4
T13734,Advanced Computational Techniques and Applications,"This cluster of papers covers a wide range of topics related to artificial intelligence, expert systems, machine learning, control systems, fault diagnosis, ontology, and spatial information. It explores applications such as wavelet analysis, bioenergy, small business strategies, and multidisciplinary design optimization. The papers also delve into topics like language, logic, fluid mechanics, and marine data services.",Physical Sciences,Computer Science,Artificial Intelligence,180070,renewable_energy,bioenergy,7,false,,exclude_not_direct_green_technology_or_incidental_keyword_match,reviewed,renewable_energy__bioenergy.json,renewable_energy__bioenergy.json:6d282b3dfda3914d4cd0f8b06cb3411cbdf6dd35fd3307a8d54bda69e9c0c9b4
T13804,Physical Activity and Education Research,"This cluster of papers covers a wide range of topics related to recycled water use, environmental impact, renewable energy, and waste management. It includes research on big data analysis, internet of things, predictive maintenance, bioactive compounds, health effects, and educational technology. The papers also discuss the application of renewable energies, environmental protection motivation, and the economic analysis of biomass gasification.",Physical Sciences,Environmental Science,Water Science and Technology,6529,circular_resources|supplemental_audit,recycling|recycling technology,8,false,,exclude_not_direct_green_technology_or_incidental_keyword_match,reviewed,circular_resources__recycling_technology.json|recycling.json,circular_resources__recycling_technology.json:9a9a98cf596c412df45bee615877e3b8dc0bc5f4a095b222596e13b23a3732d0|recycling.json:dd83b7dd56a0c784b352537e40cc1f1f05498ab5d25866e6a459e3b34182c39e
T13951,Fluid dynamics and aerodynamics studies,"This cluster of papers covers a wide range of topics in fluid dynamics and mechanics, including numerical simulation, heat transfer, hydraulic ram pump, vortex flows, boundary layer, turbulence, thermal-stress distribution, and wind tunnel tests.",Physical Sciences,Engineering,Computational Mechanics,50630,efficiency_and_electrification,heat pump,3,false,,exclude_not_direct_green_technology_or_incidental_keyword_match,reviewed,efficiency_and_electrification__heat_pump.json,efficiency_and_electrification__heat_pump.json:4534b6d4f949a225f1cfeb657dcaaec4140d52622c22f033b3525db379f3123f
T14164,Marine and Offshore Engineering Studies,"This cluster of papers focuses on the environmental, economic, and regulatory aspects of ship recycling and offshore decommissioning, with a particular emphasis on the shipbreaking industry in Bangladesh and India. It addresses issues such as marine pollution, heavy metal contamination, ecological conflicts, waste management, legal regulations, and sustainability challenges. The cluster also delves into the economic analysis of end-of-life ships and the offshore oil and gas industry.",Physical Sciences,Engineering,Ocean Engineering,67398,supplemental_audit,recycling,16,false,,exclude_not_direct_green_technology_or_incidental_keyword_match,reviewed,recycling.json,recycling.json:dd83b7dd56a0c784b352537e40cc1f1f05498ab5d25866e6a459e3b34182c39e
T14174,Artificial Intelligence and Decision Support Systems,"This cluster of papers covers a wide range of topics related to smart systems and IoT applications, including machine learning, smart cities, health monitoring, blockchain technology, Arduino, data analysis, environmental monitoring, artificial intelligence, and electric vehicles.",Physical Sciences,Computer Science,Information Systems,3289,efficiency_and_electrification,electric vehicle,8,false,,exclude_not_direct_green_technology_or_incidental_keyword_match,reviewed,efficiency_and_electrification__electric_vehicle.json,efficiency_and_electrification__electric_vehicle.json:7c6b62a70465a6467bbc9d9c390cd90435e521cc8b7102f9b22b7f23dd847d26
T14179,Waste Management and Recycling,"This cluster of papers focuses on various aspects of waste management, including community participation, plastic waste, environmental impact, recycling, household waste, social empowerment, sustainable development, local wisdom, and composting. The papers explore strategies for reducing, reusing, and recycling waste to promote environmental sustainability.",Physical Sciences,Environmental Science,Waste Management and Disposal,39587,supplemental_audit,recycling,4,false,,exclude_not_direct_green_technology_or_incidental_keyword_match,reviewed,recycling.json,recycling.json:dd83b7dd56a0c784b352537e40cc1f1f05498ab5d25866e6a459e3b34182c39e
T14225,Advanced Sensor and Control Systems,"This cluster of papers focuses on the design and application of intelligent monitoring systems, including topics such as neural network algorithms, wireless sensor networks, temperature monitoring, fuzzy control, PID controllers, real-time monitoring, and data fusion. The research covers a wide range of applications including geotechnical parameters prediction, heating ventilating and air-conditioning systems, wetland landscape classification, urban building energy consumption prediction, weather monitoring, industrial temperature monitoring, fault prediction in power plants, and more.",Physical Sciences,Engineering,Control and Systems Engineering,104012,supplemental_audit,industrial heating,1,false,,exclude_not_direct_green_technology_or_incidental_keyword_match,reviewed,industrial_heating.json,industrial_heating.json:a5e3861f9855722d18533480106c591dcf2e038acdd6b81ffa05a233f9e6ae53
T14256,Agricultural and Food Sciences,"This cluster of papers focuses on the utilization of forest biomass, including wood residues, for various applications such as bioenergy generation, value-added products, and sustainable production. It also explores the environmental impact, technological innovation, and economic analysis related to small-scale forestry and waste utilization.",Life Sciences,Agricultural and Biological Sciences,Forestry,127974,renewable_energy,bioenergy,6,false,,exclude_not_direct_green_technology_or_incidental_keyword_match,reviewed,renewable_energy__bioenergy.json,renewable_energy__bioenergy.json:6d282b3dfda3914d4cd0f8b06cb3411cbdf6dd35fd3307a8d54bda69e9c0c9b4
T14276,Power Systems and Technologies,"This cluster of papers focuses on the integration and standardization of power system data, particularly through the use of the Common Information Model (CIM) and CIM XML. The papers cover topics such as data exchange, smart grid applications, modeling, interoperability, and the development of standards for electric utility applications.",Physical Sciences,Engineering,Electrical and Electronic Engineering,93048,storage_and_grids,smart grid,9,false,,exclude_not_direct_green_technology_or_incidental_keyword_match,reviewed,storage_and_grids__smart_grid.json,storage_and_grids__smart_grid.json:7f7b1d274cf0977b9f987cd223ff418451b16b2fd38874e89d76042127d7a6a9
T14444,Power Systems and Renewable Energy,"This cluster of papers focuses on the application of energy storage technologies, such as battery systems and pumped-storage power stations, in integrating renewable energy sources like photovoltaic and wind power into power grids. It also addresses the challenges and benefits of energy storage, including frequency regulation, grid stability, and environmental impact.",Physical Sciences,Energy,Energy Engineering and Power Technology,76683,renewable_energy,wind power,7,true,storage_and_grids,direct_storage_enabled_renewable_grid_technology,reviewed,renewable_energy__wind_power.json,renewable_energy__wind_power.json:b0372e9397f50194ec192ca428c5e63338cb9843d5bd6eeca0a2794d56d27261
T14479,Freezing and Crystallization Processes,"This cluster of papers focuses on the application of freeze desalination and concentration techniques, including progressive freeze-concentration, eutectic freeze crystallization, and membrane distillation, for water treatment, wastewater management, and food processing. The use of LNG cold energy and scraped surface heat exchangers is explored to enhance the efficiency of these processes.",Physical Sciences,Engineering,Mechanics of Materials,36862,circular_resources,water treatment,9,true,circular_resources,direct_desalination_and_wastewater_concentration_technology,reviewed,circular_resources__water_treatment.json,circular_resources__water_treatment.json:02c1f7e97ee5b6e0aeb28ec0c4489fea1e0604943ddb1dde8e7deb1459a252dd
